RegionID,SizeRank,RegionName,RegionType,StateName,1/31/2018,2/28/2018,3/31/2018,4/30/2018,5/31/2018,6/30/2018,7/31/2018,8/31/2018,9/30/2018,10/31/2018,11/30/2018,12/31/2018,1/31/2019,2/28/2019,3/31/2019,4/30/2019,5/31/2019,6/30/2019,7/31/2019,8/31/2019,9/30/2019,10/31/2019,11/30/2019,12/31/2019,1/31/2020,2/29/2020,3/31/2020,4/30/2020,5/31/2020,6/30/2020,7/31/2020,8/31/2020,9/30/2020,10/31/2020,11/30/2020,12/31/2020,1/31/2021,2/28/2021,3/31/2021,4/30/2021,5/31/2021,6/30/2021,7/31/2021,8/31/2021,9/30/2021,10/31/2021,11/30/2021,12/31/2021,1/31/2022,2/28/2022,3/31/2022,4/30/2022
102001,0,United States,Country,,271600,272967,279333,288667,295633,299267,299900,299600,299200,298533,297167,294233,291567,292933,297967,306333,314300,320800,322433,319800,315467,312133,307133,303267,299800,301467,306500,313000,320633,328300,335300,340300,342485,343452,342152,337897,333563,333893,340547,353913,367217,378267,381567,380322,377022,376222,375833,374500,373667,378333,388000,404333
394913,1,"New York, NY",Msa,NY,517967,523000,534333,544667,554667,560000,560000,554833,549833,549833,550000,549667,549333,549333,554667,563333,573300,578267,578267,574633,573000,574333,577667,579000,577667,579333,586000,594000,599000,601433,611733,628400,642633,649333,652667,656333,662967,668300,673300,676000,676000,670133,660467,648133,641667,638667,642333,646296,655629,667629,682000,692333
753899,2,"Los Angeles-Long Beach-Anaheim, CA",Msa,CA,798667,804333,821000,838000,849666,849666,841333,824333,803000,786333,773917,762232,753566,751316,763000,779967,804633,825467,841833,848500,847667,847667,847667,849300,852567,869233,888867,890933,887267,894327,926660,956993,969230,974730,980063,990833,997667,999317,1009617,1014947,1014963,1004959,994963,977963,957967,946283,946617,949983,958333,973333,990000,998330
394463,3,"Chicago, IL",Msa,IL,301300,305967,319400,336067,346067,348600,344933,338267,330967,324933,318300,309933,303267,306600,319633,336000,345850,348183,345117,338567,331567,324933,319633,311300,306333,309967,320800,328800,332167,336633,343600,348600,349967,349667,346299,340962,332962,332997,338300,346633,353267,355600,355600,348966,341633,334933,329933,324133,320000,321333,328800,339633
394514,4,"Dallas-Fort Worth, TX",Msa,TX,341634,345000,351633,359633,365967,365667,359300,350355,343988,340655,339598,337932,334632,334633,339333,347633,354467,355793,353993,348493,344167,341000,339967,338300,334967,334000,335667,338967,343133,348133,354800,358233,359883,359250,357647,354976,352972,354609,360293,369597,379630,388300,394667,397983,399980,401058,405798,412135,419720,425327,438660,455330
394974,5,"Philadelphia, PA",Msa,PA,252630,249633,253433,260400,269733,275967,279300,278267,276267,274467,271667,266000,257833,254000,258000,267666,279167,287800,293133,293300,293333,293657,293657,290324,286300,286267,289600,294633,301333,311333,323333,333000,336333,338000,336666,333333,328300,324967,326600,333267,339933,344967,341633,336300,331267,329633,328600,325300,320300,316663,314997,318297
394692,6,"Houston, TX",Msa,TX,314804,317170,320442,325155,328623,330058,326948,322089,315799,312430,309191,307571,306113,307409,310648,315507,319556,321014,319362,315604,311458,308802,306635,304432,301938,301645,304560,307472,311584,316278,322112,326939,331023,334516,336830,335747,333811,333060,337897,345497,356494,365660,371993,373327,372298,372302,372302,371993,370993,372830,379163,388830
395209,7,"Washington, DC",Msa,DC,431660,431330,441667,452667,464667,474909,480242,476909,467000,461633,456600,449900,443233,443267,454967,471667,488167,496167,496000,489467,484800,483633,485333,483633,481633,486600,501630,513293,523293,531630,544600,551297,548630,542297,533967,528133,522165,520798,520965,528600,534967,541300,537967,532967,526933,526633,527963,529297,533293,542825,557525,573828
394856,8,"Miami-Fort Lauderdale, FL",Msa,FL,398605,398605,399950,401296,402944,403280,403583,403280,402944,402641,401296,399950,398605,398605,399614,400959,402638,403311,405329,405934,405934,404252,403650,403650,403650,403650,405332,404996,404659,402641,402978,404996,407014,408797,407565,404667,401633,399633,401300,409667,,,,,,479598,487931,494931,505000,523330,549330,577327
394347,9,"Atlanta, GA",Msa,GA,309981,314961,323627,335327,344667,349633,344933,337933,329633,324967,320963,317597,313930,313267,317133,326833,338167,344333,344633,339933,334900,330547,327247,325277,323663,323663,325667,327057,330390,336390,344333,351000,354667,356300,354633,351600,349902,350898,357565,373797,389433,400463,402630,402663,401667,400000,399999,399966,398966,397300,397333,403333
394404,10,"Boston, MA",Msa,MA,541332,544665,564965,584633,597967,595967,579600,556600,539633,536000,535967,531300,528267,533300,549967,571333,589333,596000,594633,586633,579933,574967,574967,574300,574300,582300,597667,605967,614600,624267,640967,649330,649963,657963,664300,667333,665667,672633,682967,692633,695967,698967,692967,679333,670333,670300,675633,683300,689967,711300,729633,746000
395057,11,"San Francisco, CA",Msa,CA,807667,824333,857667,899667,924667,938000,921333,880667,850667,842333,838000,820000,799333,802667,830667,867333,900667,907629,904796,886129,885833,889000,895667,878963,862296,874296,899667,916333,926697,951031,984364,998600,998933,998950,998979,995313,990629,987000,987293,991627,993960,996000,983000,964333,942333,932333,919000,909000,899033,915512,945512,978478
394532,12,"Detroit, MI",Msa,MI,219933,218267,224633,238000,253000,263000,264633,259600,251600,244633,237967,231267,226567,226567,233233,246567,259900,269900,271267,267633,258633,248933,239267,231633,225830,224130,228297,234100,245733,261400,278067,286467,283300,278333,273000,267967,264600,266600,276600,288300,296967,300300,297767,289100,275767,261600,249600,237933,226267,216433,214767,223133
395025,13,"Riverside, CA",Msa,CA,390633,393300,396633,402666,406633,409966,409933,406633,403300,399966,399633,398633,398333,398650,402983,408317,415000,419967,423300,423300,420000,416667,415000,414667,414667,417997,422963,426297,427967,434667,446333,461333,471667,480000,485000,490000,491667,493333,494998,506665,520265,533600,541900,546633,549933,551630,553297,553330,551666,551666,560533,576867
394976,14,"Phoenix, AZ",Msa,AZ,332633,338300,346333,351333,354333,352966,349966,344933,341600,339600,339267,339243,341210,343877,347267,351633,355967,359300,359950,360983,362650,364333,366633,369933,375767,382433,388800,384600,379633,378300,388300,396633,399967,399967,399633,399600,401980,405314,413677,422997,436663,448000,458330,464663,468330,471333,474967,478300,482967,488000,494633,506557
395078,15,"Seattle, WA",Msa,WA,508316,528316,558817,583783,597117,599617,592650,581000,567993,564660,561327,561317,563317,578300,601633,626633,641950,643633,635300,624650,617648,615978,617962,621613,631600,647967,662983,662667,659650,659650,668300,669983,663317,651667,640000,636650,639983,654983,670000,686650,698313,704584,704584,697254,694317,692650,690967,684300,685967,706650,741647,782997
394865,16,"Minneapolis-St Paul, MN",Msa,MN,354689,371989,387591,393435,391702,384109,375442,368196,360222,356408,351519,351485,356997,369166,384799,393467,395200,388270,382969,374301,369066,362264,361882,361917,368854,379602,390003,393470,393470,393435,395134,393401,386501,378536,369903,369868,371273,379728,387951,392767,392933,389597,387930,382963,378300,373333,373300,378217,388833,402200,412947,419330
395056,17,"San Diego, CA",Msa,CA,704333,721000,735667,749333,749633,749633,742633,725998,706298,689965,681633,676667,676333,681333,693000,713333,733000,746000,747633,747633,747633,745667,743633,743633,746967,755833,769833,770167,770000,781333,814667,840000,840000,831629,816629,816596,818266,837933,847967,861300,858300,856300,849333,846333,843067,843067,846067,849666,858333,874666,896333,921000
395121,18,"St. Louis, MO",Msa,MO,190933,191267,196567,204933,213267,218267,219733,219433,219133,217667,214666,209966,206266,207900,215933,227633,237633,242967,243600,241933,239933,237933,234600,229933,228300,231633,237267,242267,248597,254662,259628,258832,257133,255133,252933,249567,248233,251600,259633,268996,272297,270963,264933,258300,253267,248300,245633,245633,247300,254966,263333,269333
395148,19,"Tampa, FL",Msa,FL,260103,260103,261742,265117,269970,273184,273152,269938,266724,263542,261902,259653,258978,258978,262449,267945,275852,280849,282424,280978,279548,279258,277651,275755,272977,272945,274227,274402,276009,279548,285686,292143,296610,302395,302399,301434,299231,299600,305000,315110,331743,346740,359963,368330,374667,379667,386633,393300,398267,406300,417630,432663
394358,20,"Baltimore, MD",Msa,MD,303233,299900,304933,313300,326633,337967,345967,345967,341963,335630,328996,320000,313333,311667,316667,328000,339667,348000,350358,350325,346958,341600,334633,327967,322933,323233,329933,339467,347833,356167,363000,364667,361300,356633,351527,346527,341193,342967,351333,361333,371000,374333,374666,368000,361333,353000,346633,339967,334633,331000,336000,346300
394530,21,"Denver, CO",Msa,CO,541319,554666,557639,555972,547636,536333,519667,506333,494167,487167,480500,477766,481433,492071,507304,518971,524000,522333,517300,509933,502933,497967,497967,500300,510300,526967,541633,544967,541666,541666,546666,550000,543667,532650,521315,519315,524665,536000,549330,566663,583330,599317,608017,613017,613700,616667,620000,626667,632500,640833,654167,673333
394982,22,"Pittsburgh, PA",Msa,PA,171567,169900,173233,177267,183133,184833,184133,181600,179900,178267,175933,172633,170933,170933,175233,181900,189267,194800,198133,199467,198800,195467,190800,184967,183300,185800,192433,197433,204900,214900,227597,233963,233997,234333,234633,234633,234133,236683,243317,250783,256567,256567,249433,239133,231000,226500,223167,218000,211300,206933,206933,211967
394998,23,"Portland, OR",Msa,OR,462629,469074,475534,481672,483283,483267,480029,473552,465497,459060,455838,454227,455835,459057,465530,471036,475079,475872,473617,469605,463982,460438,457216,457216,460084,468300,474745,473810,473649,476141,487386,492220,496171,499394,507739,517405,524577,530205,537933,553300,573333,589667,595667,590633,582633,574967,572500,572500,579967,587467,595767,598267
394458,24,"Charlotte, NC",Msa,NC,338133,338167,342997,349663,356263,358748,355731,349131,341843,335193,330693,327133,325467,328300,335000,343333,351633,356267,356267,352300,346967,344433,341767,342300,343000,346333,351167,352967,357550,362883,374083,379701,381749,377749,375095,372013,371510,372772,378472,388475,399667,406667,408333,405000,403054,406354,409687,410313,407847,405177,407163,410997
395045,25,"Sacramento, CA",Msa,CA,462300,467500,476500,485800,492300,491633,486333,479667,471333,464667,457667,456000,457983,465983,480528,492178,502678,511133,517833,521000,516093,509423,503056,504153,510423,519469,525280,525647,524967,527967,537667,548000,559997,567156,574823,579493,585967,587967,583300,586667,598000,613000,621333,619667,618663,617993,621323,628660,637330,647633,654633,661633
395055,26,"San Antonio, TX",Msa,TX,279966,280000,283000,288666,295100,298433,297767,293667,288645,283645,281456,280811,280811,280633,281633,284967,290000,293145,293112,289778,286600,283297,281297,278997,278633,278967,282633,286167,290167,293800,297300,299933,299633,297967,294667,291333,289633,291300,295149,301149,306418,316236,329865,342595,348361,347766,344766,342998,343998,351665,361000,369333
394943,27,"Orlando, FL",Msa,FL,299900,302933,309300,317667,323000,325000,324967,323267,319933,314933,308525,303492,300158,299933,303300,310000,318333,323333,325000,325000,325330,325330,325330,324997,324897,326530,328200,325267,321963,320297,324997,328333,330633,332100,332100,331467,329330,328997,331330,338000,345663,356663,367297,378300,384963,391363,396027,399330,402963,411082,425779,441779
394466,28,"Cincinnati, OH",Msa,OH,218300,219967,231600,248267,261600,267117,265417,258750,251600,244967,241330,236297,232960,236630,249963,266300,279300,285423,287423,284090,278667,272000,265633,261300,261267,269600,283233,295600,308967,322163,333163,334496,327667,320663,311828,308828,309165,318300,330063,345030,359977,364847,359054,344140,332537,327330,325663,327267,333767,343430,353460,357993
394475,29,"Cleveland, OH",Msa,OH,168377,168377,171851,178660,183871,189223,191134,191134,189255,187449,185747,184010,182308,184010,187517,193218,200027,205204,207875,204540,201066,196203,192729,189255,187484,188387,193632,200267,209786,218436,227468,230455,223507,214788,204888,201178,197736,203400,214333,229967,238267,238233,231567,221567,211567,201567,196900,193600,190267,183300,179933,179933
394735,30,"Kansas City, MO",Msa,MO,254656,259950,269617,274633,277333,276000,275000,272300,272300,279967,286633,293283,296583,306617,319966,331333,337966,336297,329947,319947,312950,307967,304667,301667,306333,316333,332633,342633,352633,359633,364933,361600,353300,344967,341319,339319,341019,352283,367617,382583,388300,386617,378292,364958,354975,352400,357400,370233,387800,407767,419933,422367
394775,31,"Las Vegas, NV",Msa,NV,290435,292135,295135,306300,324500,341500,349500,347833,341167,333163,324963,321597,318266,314966,312628,313296,316680,320717,323384,324333,322633,320933,319933,319967,321333,325661,333994,335661,333300,329933,334900,341267,344633,346333,347333,347333,346000,345317,355316,373316,398000,416333,426667,436000,445667,458333,467333,477633,488297,500297,511663,520000
394492,32,"Columbus, OH",Msa,OH,254267,268632,285298,302598,311600,316967,315300,306967,294933,283267,274767,268133,264800,269967,288033,308033,321366,325933,325967,320300,309330,295330,285963,280467,282767,292633,306433,316433,326567,336567,344933,341600,329967,321600,318300,321300,322330,327327,334657,343660,348630,348300,344967,339997,334327,332493,337163,345163,352993,359293,363960,365293
394705,33,"Indianapolis, IN",Msa,IN,211433,215932,227598,251632,272600,284297,279297,269663,259633,249600,239900,233100,229925,234958,248425,266633,281600,286633,284933,279933,274933,269933,264633,258797,257163,262330,273710,283677,292174,302297,310827,315797,309797,299600,287633,279633,277833,280467,288467,296297,302330,303413,302383,302383,304963,307662,309662,312995,317662,323962,327265,329933
395059,34,"San Jose, CA",Msa,CA,1078317,1111650,1156667,1208333,1245000,1261333,1244333,1199328,1149662,1115995,1082333,1048333,1015296,1031963,1065963,1113000,1139333,1156000,1143448,1117115,1100411,1099296,1096296,1071626,1071293,1107293,1165333,1192333,1192667,1209333,1238000,1255000,1254983,1248550,1248550,1231863,1216592,1216592,1239296,1256000,1272633,1283300,1298300,1290000,1286000,1279333,1262667,1233296,1241296,1282963,1356333,1390000
394355,35,"Austin, TX",Msa,TX,351375,353192,357436,362012,363379,363379,360350,354817,348904,344356,340942,336546,333834,335353,342324,351403,357467,355044,346858,338085,332021,328959,327103,324072,324117,328044,338289,345674,353588,363048,374143,383719,390687,396677,401091,401300,403157,413173,430173,454950,476300,492933,502235,505171,512787,518182,523577,523993,524330,533000,554330,579330
395194,36,"Virginia Beach, VA",Msa,VA,258035,257712,260612,265059,270504,274049,276401,276433,276143,273885,272241,270469,271278,274339,279447,285054,288437,289902,289902,289902,289612,289322,289322,289612,289902,289931,293121,297181,303597,308813,314420,317642,317291,316290,312656,307933,302600,299917,301617,306647,309997,309997,305000,301667,300000,300000,300000,300000,300000,303333,309967,319933
394902,37,"Nashville, TN",Msa,TN,379548,380957,383333,386567,386567,384870,381136,374653,369596,366371,364674,362943,361416,361416,363113,366507,371293,374687,374466,371378,367983,366168,364471,362468,359413,359447,361450,364841,369762,374888,381645,385175,388536,389248,389019,387322,386663,392946,400967,413633,425297,438330,449663,453000,453817,456450,462783,466933,464633,473300,493333,523333
395005,38,"Providence, RI",Msa,RI,345871,347654,353073,360065,365309,367022,367057,367057,367057,365274,361429,356219,354471,357967,366358,376532,383839,387649,387964,387964,387649,385936,382440,375763,370518,373700,384188,394642,401949,408941,419464,424743,421282,410759,400270,396425,396607,407169,408000,413333,413300,427967,437967,442967,438300,436600,433267,431600,434933,441633,452967,466300
394862,39,"Milwaukee, WI",Msa,WI,215933,217600,226233,237933,248633,255300,257267,254900,248233,242433,235767,232100,231233,234433,238100,238133,238267,239267,240933,240933,236600,231600,226567,221600,219900,221600,231600,241600,251600,256600,259967,256633,250633,243633,237667,232000,225667,223300,224933,229900,236567,236567,229933,218300,211633,206633,203267,196633,194600,192967,196267,204933
394714,40,"Jacksonville, FL",Msa,FL,301300,304963,309997,314663,316580,316547,313103,307852,302552,297997,296300,296296,296326,297693,299785,304755,311755,314167,311022,304352,299852,299630,299300,298630,298647,301947,306283,307297,309330,312330,317967,319300,317967,314667,309330,306350,306017,310017,316660,326993,338663,346667,350000,351667,356333,361377,365040,367370,370660,376997,391000,410667
394849,41,"Memphis, TN",Msa,TN,186573,181836,180568,183610,186779,194385,199297,205001,206586,208138,208170,205318,202181,199962,202814,207568,215173,220244,223413,223381,223003,222971,223003,223381,221828,221797,224966,229719,235360,240747,247085,250951,247148,245089,243536,244486,243255,240828,243953,248267,256633,259967,261633,261633,263667,267467,269467,267467,260333,249967,241633,241633
394935,42,"Oklahoma City, OK",Msa,OK,236108,238133,242847,248028,252523,253212,253212,250433,248683,246933,246968,246968,248889,253624,262202,271120,277704,279111,276883,272358,269235,267520,267588,267588,269304,273421,278774,282205,286665,293683,299461,300834,297075,294728,293349,292319,291834,294719,302077,313110,320060,321555,317800,313185,309190,305172,305789,310809,321915,336258,350955,359255
394807,43,"Louisville-Jefferson County, KY",Msa,KY,232000,240300,253933,266567,274600,276433,274550,271217,267750,265700,261866,256866,254133,257267,266900,278533,287567,291233,289633,284633,277967,269600,259933,252267,248800,253467,265000,278467,290433,296567,299600,297600,289267,279263,266297,260330,257333,263333,271997,281660,288960,291930,290600,286963,281330,277997,274330,274297,274297,279933,286633,292967
394669,44,"Hartford, CT",Msa,CT,273926,278406,286923,293729,297457,297457,297457,297150,295439,293729,290617,288906,287196,288941,292361,299065,304161,310180,310317,310009,305734,302348,299236,297183,296157,296192,302314,310146,320373,328239,338500,345032,345032,341304,336499,333079,330520,332680,339600,347600,350933,346267,338300,330000,326667,324933,324933,329900,337967,349600,356267,356567
395022,45,"Richmond, VA",Msa,VA,298698,299629,307553,319279,327123,330261,330557,328316,323523,316676,312021,310263,310228,311970,320624,332709,344604,349328,349687,344687,338239,331002,327520,327408,329821,334912,341886,351195,360964,370998,378204,382325,380946,380056,380666,384483,387833,391667,395317,398317,398300,393317,385317,379147,376606,379936,385785,395990,407327,415993,411662,405295
394910,46,"New Orleans, LA",Msa,LA,245833,242500,243167,249500,256833,262000,263333,262633,259467,256767,253467,251633,249967,251633,255967,262633,269267,272267,272267,270300,269133,268195,267162,265178,262783,261483,263933,268967,276267,282600,288400,293433,296800,299000,299000,299000,297667,296187,296487,304487,314633,324333,326333,324333,321000,321000,324333,327633,330188,333147,335180,334258
394425,47,"Buffalo, NY",Msa,NY,187899,189725,197026,206153,213454,217105,218930,218054,216265,212614,208014,202502,198851,199253,202904,210205,218930,226085,229772,226122,222289,218273,214622,211300,207978,207978,211629,218930,229918,240907,248208,248172,244485,239009,235358,231379,229593,236265,246600,259930,266597,266597,259900,249900,243233,238233,234900,231600,229933,229967,234967,238300
395012,48,"Raleigh, NC",Msa,NC,343034,344664,351452,361036,367395,367395,365479,362284,358801,352410,347010,342537,340779,341418,347809,357874,367428,370624,367716,362923,359696,357778,353816,349023,345828,348193,354296,357899,363164,368276,377454,382446,386054,388603,389452,389597,389816,393816,400089,406219,411253,414979,419967,423300,425087,425087,426720,427949,428949,430982,439667,455300
394388,49,"Birmingham, AL",Msa,AL,206383,206917,215217,226584,236051,239384,239900,239900,238233,234600,230967,229300,229600,233233,239900,249900,258342,265008,270042,271633,272355,272123,272090,269733,266598,265798,267433,269100,273233,278233,282400,282267,277300,274800,273300,276267,277600,279747,281780,287447,293300,295962,293628,290628,289600,293583,298550,300883,296933,281933,267267,256933
395053,50,"Salt Lake City, UT",Msa,UT,415914,421162,428253,435132,442277,446159,446727,444581,439469,432164,426881,424743,424920,428785,436019,448429,459066,466015,464278,458995,453854,452045,452917,456463,463555,475089,483950,482177,478634,481829,492753,498338,496920,494186,498884,509522,522021,528814,528300,532383,542417,555983,558567,557282,550382,547049,545000,555000,571667,588300,604933,631427
395031,51,"Rochester, NY",Msa,NY,183759,190898,201106,213207,222131,226200,222666,215563,208424,203426,199108,199108,204426,215884,228413,241498,248459,251136,248759,243548,235481,224772,217276,210173,210816,220096,236159,253364,262288,267607,268353,268169,261030,253145,246189,253145,261048,274652,279433,281100,272067,261600,253267,244967,234967,224967,219933,218267,221300,224633,226267,216567
394640,52,"Grand Rapids, MI",Msa,MI,261633,269967,281667,291667,298300,299967,298300,293500,288467,285435,286902,288568,289900,292933,298967,307333,312633,313267,310933,305933,302300,296267,292933,289900,292933,297933,306267,313233,318233,319900,321267,321300,321300,318267,318233,320233,326123,336123,345373,354198,361469,369553,376504,378100,376695,371728,369528,373300,385600,402967,417633,427000
395167,53,"Tucson, AZ",Msa,AZ,260933,264300,269333,275000,280000,281333,281300,280967,282967,282997,281497,279663,279667,282333,288167,294800,298933,298267,296300,293500,293467,293750,294583,292917,292967,294933,298300,298967,300650,308983,319950,329967,328300,323333,318333,320000,324966,333511,346178,361852,373307,380640,381633,379967,374963,369997,367807,367777,370773,376293,386293,399963
753924,54,"Urban Honolulu, HI",Msa,HI,664629,661667,654967,648300,651300,658000,663000,668333,671667,669667,664667,662333,669000,671667,672333,668667,669000,670333,670667,669333,661333,654967,649633,647967,642767,636433,629767,621667,611333,605667,607333,607633,599967,591300,591000,599333,602667,586333,574667,574333,599333,624333,651667,676333,691333,691333,684667,673000,669300,674633,694633,721667
395169,55,"Tulsa, OK",Msa,OK,191748,192522,196855,202427,205986,206296,205057,204284,204253,204222,204221,204221,204527,207313,213225,220688,227188,230283,231800,231026,231645,233193,235514,236721,235174,235174,238300,244506,252244,261530,269562,274204,274204,274951,275309,274953,273287,272643,284190,296523,308167,302333,295000,287500,287000,287667,285800,282933,286267,298966,313999,330666
394619,56,"Fresno, CA",Msa,CA,334507,331711,331538,334645,339513,342084,342429,340703,338270,335709,333637,330220,325877,324462,326188,334783,345174,355530,363315,364696,364350,359690,355026,351902,351229,354477,359555,362283,367495,372891,382936,389495,391912,390531,390876,390086,390599,388720,390933,399800,413833,424500,426330,424663,425663,431633,439633,447967,451317,438642,428642,426992
395238,57,"Worcester, MA",Msa,MA,278582,281734,287816,297336,306920,313575,315199,314531,312939,309723,306889,302144,300266,302173,311694,324717,335833,343793,344780,341596,336533,333190,331279,328414,327586,329496,340609,351753,363885,371877,378277,381780,381461,382429,385348,391300,396267,399600,399900,399600,399600,406300,409967,410000,404167,400800,400467,396300,393000,395000,408000,424663
394415,58,"Stamford, CT",Msa,CT,679598,714939,758469,783207,790275,787033,773251,755580,741444,741091,737875,734659,731478,735012,747417,761200,769717,760528,743176,717024,699707,694441,699742,704655,708012,719939,732344,739589,748512,766183,785266,792688,784206,773922,757665,750597,746148,782117,812633,829000,821000,807333,785667,738667,702200,685533,703867,720667,767333,829333,881333,898333
394312,59,"Albuquerque, NM",Msa,NM,250465,252139,256958,263793,270320,273738,271995,267211,261401,259692,259692,261315,261349,264733,269927,276762,280675,283804,285309,286254,286218,286388,286218,284851,286560,293525,302069,307776,314952,328622,343468,352025,352053,346879,340285,336494,337086,339166,345402,352035,361963,366630,369963,370348,372015,380378,386266,388369,388909,391969,403199,412660
394308,60,"Albany, NY",Msa,NY,243833,247582,251703,253559,255378,257977,262023,265402,265031,264140,264437,264437,263508,263546,267221,272604,276316,278210,280214,279880,276168,272493,271379,273198,271305,272381,277244,284669,292131,301375,312513,318452,313663,306942,299916,298777,297542,298763,304633,309767,309433,297767,286267,278267,274933,269933,265933,264300,263800,267633,274300,279800
394938,61,"Omaha, NE",Msa,NE,277167,285004,293371,303468,308734,308768,305408,302048,299512,293195,286747,284209,287149,295614,309087,321855,328542,325854,322746,317740,311658,301364,293267,290243,292590,301403,310643,317363,321654,325870,330205,330238,325854,322726,319478,319658,319744,326459,333133,339333,339167,332500,322500,315000,311500,312667,316000,331582,355307,380273,393522,391963
394908,62,"New Haven, CT",Msa,CT,284308,290973,301127,312990,321714,327297,327611,322726,317457,313653,310164,304965,300080,301790,308732,319374,324608,324820,319376,314177,308734,305244,303151,301441,299696,300010,305209,310443,322342,332496,346453,349454,348058,341079,335636,326912,320290,317979,324933,339600,351267,356267,351567,344900,338267,336600,336600,336567,338233,341267,354600,359633
394357,63,"Bakersfield, CA",Msa,CA,258633,261667,267300,273800,277433,278767,278267,274950,269983,265650,262300,259967,257600,256300,258596,265626,272073,275443,276447,275967,273967,269267,266267,264900,266150,267850,272550,274667,276333,276633,281300,289300,297333,305013,308647,306313,298633,293333,294300,302965,313298,320332,325000,323333,323000,323300,333233,343233,346600,346333,351333,364667
394753,64,"Knoxville, TN",Msa,TN,263017,262933,266633,276633,286600,291600,289933,283300,277133,272133,268800,268033,266067,267033,270600,279233,289900,296567,301600,301600,301300,296267,289600,283233,279900,283233,289930,296630,304997,316633,331633,341633,339967,331600,316567,306567,299900,299933,308267,331600,353233,362267,352467,345833,344833,341333,336333,333000,339633,354633,366633,379967
394653,65,"Greenville, SC",Msa,SC,255242,256972,261390,267395,271335,274149,274432,274118,269275,264559,260129,257770,256230,257346,262598,270459,277078,278083,274646,268483,265055,263745,263697,262439,260899,263807,268281,271426,274538,280724,285686,287572,285088,285480,282944,280057,276723,277223,283767,296133,306800,316833,322800,329130,332463,330830,326663,322993,324657,334327,342997,352300
394952,66,"Ventura, CA",Msa,CA,779317,780650,777650,785667,779319,772652,756319,748000,728316,711616,696617,689967,688333,691333,701000,712333,725667,739300,749600,761600,774300,784172,783838,780838,782667,796333,813333,808333,803000,806333,832666,856316,867983,871317,864333,863663,865663,899330,923633,943633,946633,931300,926300,896300,892667,889000,899000,902666,909633,918300,941600,943967
394318,67,"Allentown, PA",Msa,PA,246744,246374,249369,256949,262865,266193,268745,267672,263235,257689,253251,251366,248445,250256,255803,264307,271703,275437,279135,279135,278358,274661,272442,269484,267635,269891,280984,290228,297586,299472,308346,315742,320549,320966,321051,322161,323211,329265,336662,343662,346662,341663,336000,329633,334600,337933,339740,338107,341773,345000,353300,353300
394561,68,"El Paso, TX",Msa,TX,179698,179893,180074,180678,181193,182968,185098,187583,188293,188488,188506,189748,192588,195572,198217,200152,202138,203735,203735,202990,202298,202315,203753,203753,203753,202333,202333,201960,202865,204641,208208,210747,212504,213175,218949,222950,228300,228633,231983,235316,241333,247650,251633,251950,251283,252300,255300,258633,262283,265467,270140,273157
394367,69,"Baton Rouge, LA",Msa,LA,230800,231600,234600,239600,244600,248266,248381,246581,244748,243000,241597,240063,240063,241588,243955,248622,253333,256000,254667,251088,247722,245722,243933,242300,240933,241600,244900,247933,249967,253300,258067,263900,267933,271167,271523,270823,269490,271017,275886,284553,294500,299663,301163,298830,298497,298630,305291,315291,328324,336000,339663,336630
394521,70,"Dayton, OH",Msa,OH,136682,134586,138529,143822,149150,154087,159451,161546,159770,156183,153554,151778,151724,152576,157904,163287,171812,178916,187796,191703,189927,183569,179307,176674,175254,177740,189288,201720,213122,218414,219089,216106,212554,213382,212838,211163,210327,216960,223963,230933,236800,241630,243630,239430,233267,224967,219967,219633,222967,233000,242650,237617
394843,71,"McAllen, TX",Msa,TX,192167,190500,190466,191600,192600,194300,194333,195000,196000,195000,193333,190633,189967,192800,196000,201000,204333,207800,207800,204967,201633,199967,199967,199967,199633,199300,199167,199167,202500,207933,214933,218600,223000,227567,230900,229567,226000,226000,231000,238333,244667,249000,252333,255667,256663,258330,258630,258967,258933,258966,259963,261630
394486,72,"Columbia, SC",Msa,SC,192035,192035,196512,204452,212391,219060,220648,219981,218361,216805,219091,220711,224681,225506,227483,231135,234756,237225,234335,229889,225411,222235,219564,217373,217401,220625,224912,229458,233511,236179,239385,241703,241734,240844,240526,242098,243198,245261,249593,255339,260841,264680,269233,272100,276430,279597,284597,288769,292635,297302,303467,310133
394648,73,"Greensboro, NC",Msa,NC,195217,198600,206633,218633,229600,234900,240100,246683,253383,254883,251500,248000,247967,251433,259900,269900,279900,281567,278933,270235,267768,265102,263833,261402,259569,259536,261133,261600,267967,276967,287000,292333,288300,281600,271567,266600,266933,269767,276430,282713,289213,294850,300567,305233,306233,306733,310097,318130,327330,335997,346330,357993
394304,74,"Akron, OH",Msa,OH,145900,144233,145600,152226,160559,168192,173233,172933,169600,164600,159900,154900,151567,151600,155767,160800,167467,173300,177967,177933,173967,169267,163633,157600,152600,152567,157567,164233,171567,178433,184800,187833,184333,181300,174633,170967,165300,166883,175516,187900,198792,203825,203807,201632,196632,191633,186633,179933,171600,169933,179933,193233
753906,75,"North Port-Sarasota-Bradenton, FL",Msa,FL,359133,359800,361300,361300,363967,365933,369300,368300,364466,360600,357233,356067,356267,357933,362600,367933,374300,377967,378967,376630,372997,371963,374300,376300,376333,375000,375000,371663,368330,368330,374833,379833,381500,380000,379997,383297,384963,391300,402330,420663,437630,451633,463267,471633,479933,491297,509630,526327,539663,558970,586974,614970
394798,76,"Little Rock, AR",Msa,AR,169131,171594,173256,175688,177874,179413,179136,177566,176027,176180,176211,176211,175411,176027,178828,182861,189941,194867,198561,198561,196991,195452,193143,192250,191327,192096,195790,199792,204410,206226,207458,205918,205949,206689,210082,211908,213877,214425,220167,225167,230133,231600,233267,233267,231300,229600,227967,224933,223267,223267,228300,233333
395134,77,"Stockton, CA",Msa,CA,381317,383283,381633,383300,384000,390667,392333,391667,388333,384667,382667,381000,377967,376633,379633,393000,408833,422167,430500,436333,438267,436433,436400,437800,436300,434667,434967,436837,438487,445183,456613,469960,476297,481330,481763,487097,487760,494980,494980,507650,519667,544633,561300,573300,570000,563300,562208,570858,582892,592982,613932,633265
394457,78,"Charleston, SC",Msa,SC,358914,361612,366148,372406,377196,379172,379053,374561,368121,362133,358241,355249,353902,357765,366747,375729,380250,381747,379352,373364,365849,360729,359082,358812,358543,360786,367043,370903,377493,382613,391029,396418,400011,403238,404898,408458,412435,420605,430943,443610,460695,475358,477048,463757,442909,434609,430550,432163,439160,459092,485330,507844
395143,79,"Syracuse, NY",Msa,NY,129077,130233,133617,139227,142301,143710,144866,146022,146051,144895,143739,143372,143372,144782,147940,153579,159218,164448,165858,164194,161530,158710,157554,156426,156990,159810,164011,171088,177883,184932,188597,188879,188879,189699,189303,187526,182880,182880,184580,191600,199967,208300,208300,199633,187966,181300,178266,176567,171600,176300,181300,191467
394484,80,"Colorado Springs, CO",Msa,CO,472385,470598,466130,462555,460732,448185,432457,415692,406791,403217,402144,402144,408731,417632,431930,439642,448578,453940,464628,466451,466416,461054,462805,461947,460196,457157,462735,471314,479750,482216,486148,486148,481858,471134,463985,460768,460393,476348,493441,513582,533886,560604,578797,577130,562600,556900,555233,561900,569767,578871,588671,594805
395235,81,"Winston-Salem, NC",Msa,NC,209933,211633,213333,216667,218333,222303,231903,241903,249567,249600,247900,246233,246267,249633,256333,266333,277300,283966,285933,283300,282600,282600,281833,279167,275863,279930,284963,287267,290467,295690,304724,306240,303316,296949,289533,282867,279567,278950,281283,282950,284685,287018,290352,292267,294733,296397,299897,300960,303127,305660,314497,325633
395224,82,"Wichita, KS",Msa,KS,176600,182600,190933,200933,206567,208233,206233,202900,200600,198183,193883,190383,189833,194133,202267,210600,218967,223546,223213,219880,216300,214967,213133,208133,202917,201417,209617,219767,234600,248767,261367,264767,252433,241025,231125,229458,228300,234950,243917,248917,243933,233300,225000,220000,218333,221667,228333,238333,246633,255967,263967,268667
395115,83,"Springfield, MA",Msa,MA,240882,240909,245604,254932,263953,268586,268586,264202,257703,251485,246851,241533,238423,236869,242468,251827,265508,274836,278225,277914,276080,273934,266938,261777,258947,263145,272659,284817,297534,308417,318025,324244,323280,321117,317287,310100,301800,301833,316633,339933,351600,354300,346000,339300,332967,322967,315633,312467,317467,314833,314967,319933
394440,84,"Fort Myers, FL",Msa,FL,248436,248464,248464,249568,249541,249513,248381,248133,247885,247885,247885,246780,245980,245980,247084,247636,247636,247636,247360,246256,245124,245516,246869,250762,253682,259203,263593,264946,264973,266105,269998,271930,270826,270826,271378,271378,270517,272990,,,,,391327,396297,405963,422583,439283,449583,449966,463300,486667,510000
394399,85,"Boise City, ID",Msa,ID,326300,342966,348296,354630,356563,361567,360200,354963,351627,348327,344993,341630,341293,345627,355327,368963,381300,388267,388300,384933,380602,374939,371305,368970,372632,379478,388497,393828,397282,403263,413263,421597,426597,431567,443367,453067,460971,468771,482438,504200,527089,548989,558523,557402,549802,547268,547600,556630,578297,614597,649600,671267
395160,86,"Toledo, OH",Msa,OH,126933,125600,129967,136633,144633,148267,149900,147767,145633,143333,142133,140933,139900,141267,149467,162000,175667,183133,183933,180150,172850,167517,162933,161233,159859,159859,161526,166567,178267,189933,199933,208233,208266,206633,195000,189967,186117,193233,200117,203933,203483,201467,201167,192833,182966,172633,167600,162617,156283,151283,155800,169133
394816,87,"Madison, WI",Msa,WI,293233,299933,309267,315933,318933,319600,319600,316567,311600,304967,301633,301633,306600,316600,328233,334900,338100,337800,336167,332967,328300,326600,324933,324900,326567,332933,341267,347933,351567,354600,354600,351267,343267,341600,342967,351267,359300,366532,369866,370431,373499,376199,377633,374300,371600,371567,374900,381567,392333,402333,410700,413300
394766,88,"Lakeland, FL",Msa,FL,229626,230315,232071,235514,237236,237580,237750,237716,236304,234378,232309,231964,231964,232346,232380,233964,237373,240438,241953,241192,240416,239107,238146,237577,237542,239298,241614,242991,242914,242840,244906,247637,250564,252520,253881,255881,257922,260488,265389,,,,306300,310164,314164,319164,324663,329297,333297,338775,345458,356458
394931,89,"Ogden, UT",Msa,UT,343465,352149,366063,377606,384434,387608,388270,385662,380745,374921,372480,373526,379385,387754,396856,405574,409219,406080,400500,395461,389358,379210,372026,371151,380253,391412,400134,401494,405888,416350,432043,439331,442784,443941,450090,456911,464244,473707,483877,497843,511797,524895,529262,529898,529297,529297,528663,534300,546800,568633,581967,594433
394528,90,"Daytona Beach, FL",Msa,FL,269600,270300,271833,275133,280317,285150,288183,287300,284267,281233,277900,276100,274767,274800,276633,280997,285830,288797,287767,284567,280767,277967,277000,277667,278500,281167,284300,284600,282933,281633,284833,287833,289618,290868,292868,294250,295833,299133,304297,313297,321630,331600,336600,341633,344967,351297,355297,355660,355680,363013,375683,389333
394531,91,"Des Moines, IA",Msa,IA,272732,277090,283223,288033,290131,290421,290421,288162,284934,281706,279995,278381,276799,277251,279866,283094,284579,284642,282350,277928,272054,264662,258610,253768,253865,257900,263032,266869,269306,272977,275499,275079,272383,270423,270012,270477,272103,275497,281237,289270,299333,308093,315730,317413,317380,315047,316600,319933,326430,336430,346793,355293
395006,100,"Provo, UT",Msa,UT,382429,390041,400481,405581,401781,394902,391171,389836,388124,385009,379875,376486,376178,380122,387648,392748,395077,394397,396142,398393,399728,397640,394867,393840,395928,402158,412085,416348,421482,426616,442007,457033,469903,474548,480060,485537,494753,498831,499000,505667,519000,536667,546633,550800,550467,548817,548817,559117,577463,608297,636663,666333
394549,104,"Durham, NC",Msa,NC,359881,363816,372858,381931,386332,383611,378982,370649,365840,362908,362606,362303,362001,368050,377410,386785,391321,390732,387707,380449,371981,363665,359128,359098,365146,375731,389371,394572,396659,398171,407032,417012,422758,426516,426819,424352,421749,421837,432133,453833,472667,484933,478900,475867,472267,474967,475000,473020,472987,482987,504967,526333
394602,159,"Fort Collins, CO",Msa,CO,443395,446300,448300,451152,455638,459657,456838,452552,445200,441867,438333,436667,435000,436303,438957,441155,444818,447131,446567,441567,436600,434967,435667,435667,439569,445569,456569,462633,466967,470283,474983,477317,473000,466667,463333,463712,463339,458006,450594,450933,459997,473697,487022,496330,517963,534638,550605,558302,558335,550348,539352,539352
